"japanese_word","hiragana","meaning","part_of_speech","jlpt_level","frequency","pitch_accent","te_form","ta_form","nai_form","masu_form","example_sentence","example_translation","synonyms","antonyms","nuance","kanji_info","additional_examples","compounds"
"切ります","きります","kesmoq (pichoqda), qirqmoq (qaychida)","fe'l","N5","Top 1000","③","切って","切った","切らない","切ります","ナイフでパンを切ります。(ないふでぱんをきります。)","Pichoq bilan nonni kesaman.","カットする","","Bu darsda 「で」 yuklamasining yangi vazifasi kiritiladi — vosita, ya'ni nima bilan qilinishi: 「ナイフで切ります」. Diqqat: 「切る」 ko'rinishi 「-る」 bilan tugasa ham, birinchi guruh fe'li (切ります, 切って).","[{""kanji"":""切"",""meaning"":""kesmoq"",""kunReading"":""ki"",""onReading"":""setsu, sai"",""strokes"":4}]","[{""sentence"":""はさみで紙を切りました。(はさみでかみをきりました。)"",""translation"":""Qaychi bilan qog'ozni qirqdim.""},{""sentence"":""野菜を小さく切ってください。(やさいをちいさくきってください。)"",""translation"":""Sabzavotni mayda qilib to'g'rang.""}]","[{""word"":""切符"",""hiragana"":""きっぷ"",""meaning"":""chipta""},{""word"":""大切"",""hiragana"":""たいせつ"",""meaning"":""muhim, qadrli""}]"
"送ります","おくります","jo'natmoq, yubormoq; kuzatib qo'ymoq","fe'l","N5","Top 1000","⓪","送って","送った","送らない","送ります","友達に手紙を送ります。(ともだちにてがみをおくります。)","Do'stimga xat jo'nataman.","出します","もらいます","Kimga — 「に」, qayerga — 「へ」, nima orqali — 「で」. Ikkinchi ma'nosi ham bor: mehmonni kuzatib qo'ymoq (「駅まで送ります」).","[{""kanji"":""送"",""meaning"":""jo'natmoq, kuzatmoq"",""kunReading"":""oku"",""onReading"":""sou"",""strokes"":9}]","[{""sentence"":""国へ荷物を送りました。(くにへにもつをおくりました。)"",""translation"":""Vatanimga yuk jo'natdim.""},{""sentence"":""メールで写真を送ります。(めーるでしゃしんをおくります。)"",""translation"":""Rasmni pochta orqali yuboraman.""}]","[{""word"":""見送り"",""hiragana"":""みおくり"",""meaning"":""kuzatib qo'yish""},{""word"":""送料"",""hiragana"":""そうりょう"",""meaning"":""yetkazib berish haqi""}]"
"あげます","あげます","bermoq, sovg'a qilmoq","fe'l","N5","Top 500","⓪","あげて","あげた","あげない","あげます","友達に花をあげます。(ともだちにはなをあげます。)","Do'stimga gul beraman.","差し上げます","もらいます","Muhim cheklov: 「あげます」 faqat MEN yoki men tomonimdan boshqaga berilganda ishlatiladi. Kimdir MENGA bergan bo'lsa 「あげます」 emas, 「くれます」 deyiladi (keyingi darsda). Hurmatli shakli — 「差し上げます」.","[]","[{""sentence"":""母にプレゼントをあげました。(ははにぷれぜんとをあげました。)"",""translation"":""Onamga sovg'a berdim.""},{""sentence"":""だれにあげますか。(だれにあげますか。)"",""translation"":""Kimga berasiz?""}]","[{""word"":""差し上げます"",""hiragana"":""さしあげます"",""meaning"":""bermoq (hurmatli)""}]"
"もらいます","もらいます","olmoq (birovdan)","fe'l","N5","Top 500","⓪","もらって","もらった","もらわない","もらいます","友達に花をもらいました。(ともだちにはなをもらいました。)","Do'stimdan gul oldim.","いただきます","あげます","Kimdan olingani 「に」 bilan beriladi — o'zbekchadagi ""-dan"" ga aldanmang: 「友達**に**もらいました」. 「から」 ham mumkin, ayniqsa tashkilotdan olinganda. Kamtarona shakli — 「いただきます」.","[]","[{""sentence"":""誕生日にプレゼントをもらいました。(たんじょうびにぷれぜんとをもらいました。)"",""translation"":""Tug'ilgan kunimda sovg'a oldim.""},{""sentence"":""だれにもらいましたか。(だれにもらいましたか。)"",""translation"":""Kimdan oldingiz?""}]","[{""word"":""いただきます"",""hiragana"":""いただきます"",""meaning"":""olmoq (kamtarona)""}]"
"貸します","かします","qarzga bermoq, berib turmoq","fe'l","N5","Top 2000","⓪","貸して","貸した","貸さない","貸します","友達にお金を貸しました。(ともだちにおかねをかしました。)","Do'stimga pul qarz berdim.","","借ります","Bu darsdagi eng chalkash juftlik: 「貸します」 — MEN beraman, 「借ります」 — MEN olaman. Yodlash usuli: 貸す — 「か**し**ます」 va ""shu menda edi""; 借りる — 「か**り**ます」 va ""menga keldi"".","[{""kanji"":""貸"",""meaning"":""qarzga bermoq"",""kunReading"":""ka"",""onReading"":""tai"",""strokes"":12}]","[{""sentence"":""傘を貸してください。(かさをかしてください。)"",""translation"":""Soyaboningizni berib turing.""},{""sentence"":""辞書を貸しましょうか。(じしょをかしましょうか。)"",""translation"":""Lug'atimni berib turaymi?""}]","[{""word"":""貸し出し"",""hiragana"":""かしだし"",""meaning"":""ijaraga berish, kitob berish""}]"
"借ります","かります","qarzga olmoq, olib turmoq","fe'l","N5","Top 2000","⓪","借りて","借りた","借りない","借ります","図書館で本を借りました。(としょかんでほんをかりました。)","Kutubxonadan kitob oldim.","レンタルする","貸します","「貸します」ning ziddi. Diqqat: bu ikkinchi guruh fe'li (借りる → 借ります, 借りて), 「切る」 dan farqli. Kimdan olingani 「に」 yoki 「から」 bilan.","[{""kanji"":""借"",""meaning"":""qarzga olmoq"",""kunReading"":""ka"",""onReading"":""shaku"",""strokes"":10}]","[{""sentence"":""銀行にお金を借ります。(ぎんこうにおかねをかります。)"",""translation"":""Bankdan qarz olaman.""},{""sentence"":""トイレを借りてもいいですか。(といれをかりてもいいですか。)"",""translation"":""Hojatxonangizdan foydalansam bo'ladimi?""}]","[{""word"":""借り"",""hiragana"":""かり"",""meaning"":""qarz, minnatdorchilik""}]"
"教えます","おしえます","o'rgatmoq, saboq bermoq; aytib bermoq","fe'l","N5","Top 500","⓪","教えて","教えた","教えない","教えます","先生は日本語を教えます。(せんせいはにほんごをおしえます。)","Ustoz yapon tilidan dars beradi.","","習います","Ikki ma'noli: dars bermoq va shunchaki ma'lumot aytib bermoq (「道を教えてください」 — yo'lni ko'rsating). 1-darsdagi 「教師」 va 3-darsdagi 「教室」 shu ildizdan.","[{""kanji"":""教"",""meaning"":""o'rgatmoq"",""kunReading"":""oshi, oso"",""onReading"":""kyou"",""strokes"":11}]","[{""sentence"":""電話番号を教えてください。(でんわばんごうをおしえてください。)"",""translation"":""Telefon raqamingizni ayting.""},{""sentence"":""友達に漢字を教えました。(ともだちにかんじをおしえました。)"",""translation"":""Do'stimga iyeroglif o'rgatdim.""}]","[{""word"":""教室"",""hiragana"":""きょうしつ"",""meaning"":""sinfxona""},{""word"":""教師"",""hiragana"":""きょうし"",""meaning"":""o'qituvchi""}]"
"習います","ならいます","o'rganmoq, saboq olmoq","fe'l","N5","Top 2000","③","習って","習った","習わない","習います","先生に日本語を習います。(せんせいににほんごをならいます。)","Ustozdan yapon tilini o'rganaman.","学びます","教えます","4-darsdagi 「勉強します」 dan farqi: 「習う」 — USTOZDAN o'rganish (kimdan — 「に」), 「勉強する」 — mustaqil o'qish. Shuning uchun 「独学で習う」 deyilmaydi.","[{""kanji"":""習"",""meaning"":""o'rganmoq, mashq qilmoq"",""kunReading"":""nara"",""onReading"":""shuu"",""strokes"":11}]","[{""sentence"":""ピアノを習っています。(ぴあのをならっています。)"",""translation"":""Pianino o'rganyapman.""},{""sentence"":""だれに習いましたか。(だれにならいましたか。)"",""translation"":""Kimdan o'rgandingiz?""}]","[{""word"":""習慣"",""hiragana"":""しゅうかん"",""meaning"":""odat, urf""},{""word"":""練習"",""hiragana"":""れんしゅう"",""meaning"":""mashq""}]"
"かけます","かけます","qo'ng'iroq qilmoq [電話を～]","fe'l","N5","Top 1000","②","かけて","かけた","かけない","かけます","友達に電話をかけます。(ともだちにでんわをかけます。)","Do'stimga qo'ng'iroq qilaman.","電話します","","「かける」 juda ko'p ma'noli fe'l: 電話をかける (qo'ng'iroq), めがねをかける (ko'zoynak taqmoq), 音楽をかける (musiqa qo'ymoq), 時間をかける (vaqt sarflamoq). Bu darsda faqat telefon ma'nosi.","[]","[{""sentence"":""国に電話をかけました。(くににでんわをかけました。)"",""translation"":""Vatanimga qo'ng'iroq qildim.""},{""sentence"":""あとで電話をかけます。(あとででんわをかけます。)"",""translation"":""Keyinroq qo'ng'iroq qilaman.""}]","[{""word"":""電話"",""hiragana"":""でんわ"",""meaning"":""telefon""}]"
"手","て","qo'l","ot","N5","Top 500","①","","","","","手で食べます。(てでたべます。)","Qo'l bilan yeyman.","","足","「手」 yaponchada kaftdan yelkagacha bo'lgan qismni bildiradi — o'zbekchadagi ""qo'l"" bilan bir xil. 3-darsdagi 「お手洗い」 va 6-darsdagi 「手紙」 shu belgidan.","[{""kanji"":""手"",""meaning"":""qo'l"",""kunReading"":""te"",""onReading"":""shu"",""strokes"":4}]","[{""sentence"":""手を洗ってください。(てをあらってください。)"",""translation"":""Qo'lingizni yuving.""},{""sentence"":""手が大きいですね。(てがおおきいですね。)"",""translation"":""Qo'lingiz katta ekan.""}]","[{""word"":""手紙"",""hiragana"":""てがみ"",""meaning"":""xat""},{""word"":""上手"",""hiragana"":""じょうず"",""meaning"":""mohir, ustasi""}]"
"はし","はし","hashi (ovqat yeyishda ishlatiladigan cho'p)","ot","N5","Top 2000","①","","","","","はしでごはんを食べます。(はしでごはんをたべます。)","Hashi bilan ovqat yeyman.","","","Uchta omonim bor, faqat ohang bilan farqlanadi: 箸（はし①） — ovqat cho'pi, 橋（はし②） — ko'prik, 端（はし⓪） — chekka. Odob: hashini guruchga tik sanchish taqiqlanadi — bu dafn marosimini eslatadi.","[]","[{""sentence"":""はしを使えますか。(はしをつかえますか。)"",""translation"":""Hashidan foydalana olasizmi?""},{""sentence"":""はしをください。(はしをください。)"",""translation"":""Hashi bering.""}]","[{""word"":""わりばし"",""hiragana"":""わりばし"",""meaning"":""bir martalik hashi""}]"
"スプーン","スプーン","qoshiq","ot","N5","Top 5000","②","","","","","スプーンでスープを飲みます。(すぷーんですーぷをのみます。)","Qoshiq bilan sup ichaman.","さじ","","Eski yaponcha nomi 「さじ」 hozir asosan o'lchov ma'nosida qoladi: 「大さじ」 (osh qoshiq), 「小さじ」 (choy qoshiq) — retseptlarda uchraydi.","[]","[{""sentence"":""スプーンをください。(すぷーんをください。)"",""translation"":""Qoshiq bering.""},{""sentence"":""スプーンで食べてもいいです。(すぷーんでたべてもいいです。)"",""translation"":""Qoshiqda yesangiz ham bo'ladi.""}]","[{""word"":""大さじ"",""hiragana"":""おおさじ"",""meaning"":""osh qoshiq (o'lchov)""}]"
"ナイフ","ナイフ","pichoq","ot","N5","Top 5000","①","","","","","ナイフでパンを切ります。(ないふでぱんをきります。)","Pichoq bilan nonni kesaman.","包丁","","Stol pichog'i — 「ナイフ」, oshxonadagi katta pichoq esa 「包丁（ほうちょう）」 deyiladi; ikkalasi almashtirilmaydi.","[]","[{""sentence"":""ナイフとフォークで食べます。(ないふとふぉーくでたべます。)"",""translation"":""Pichoq va vilka bilan yeyman.""},{""sentence"":""このナイフはよく切れます。(このないふはよくきれます。)"",""translation"":""Bu pichoq yaxshi kesadi.""}]","[{""word"":""包丁"",""hiragana"":""ほうちょう"",""meaning"":""oshxona pichog'i""}]"
"フォーク","フォーク","sanchqi, vilka","ot","N5","Top 5000","①","","","","","フォークでサラダを食べます。(ふぉーくでさらだをたべます。)","Vilka bilan salat yeyman.","","","「フォ」 tovushi qadimgi yaponchada yo'q edi — shuning uchun kichik 「ォ」 bilan yoziladi. Bunday yozuv faqat o'zlashma so'zlarda uchraydi (ファ, フィ, フェ, フォ).","[]","[{""sentence"":""フォークをください。(ふぉーくをください。)"",""translation"":""Vilka bering.""},{""sentence"":""スプーンとフォークがあります。(すぷーんとふぉーくがあります。)"",""translation"":""Qoshiq va vilka bor.""}]","[]"
"はさみ","はさみ","qaychi","ot","N5","Top 5000","③","","","","","はさみで紙を切ります。(はさみでかみをきります。)","Qaychi bilan qog'ozni qirqaman.","","","「はさむ（qisib ushlamoq）」 fe'lidan yasalgan. Kanji shakli 「鋏」 kam ishlatiladi, odatda kana bilan yoziladi.","[]","[{""sentence"":""はさみを貸してください。(はさみをかしてください。)"",""translation"":""Qaychingizni berib turing.""},{""sentence"":""はさみはどこですか。(はさみはどこですか。)"",""translation"":""Qaychi qayerda?""}]","[]"
"ファクス","ファクス","faks","ot","N5","Boshqa","①","","","","","ファクスで書類を送ります。(ふぁくすでしょるいをおくります。)","Hujjatni faks orqali jo'nataman.","ＦＡＸ","","「ファックス」 shaklida ham yoziladi. Yaponiyada faks boshqa mamlakatlarga qaraganda ancha uzoq saqlanib qoldi — idoralarda hozir ham ishlatiladi.","[]","[{""sentence"":""ファクスをもらいました。(ふぁくすをもらいました。)"",""translation"":""Faks oldim.""},{""sentence"":""ファクス番号を教えてください。(ふぁくすばんごうをおしえてください。)"",""translation"":""Faks raqamingizni ayting.""}]","[]"
"ワープロ","ワープロ","matn protsessori (matn yozish mashinasi)","ot","N5","Boshqa","⓪","","","","","ワープロでレポートを書きます。(わーぷろでれぽーとをかきます。)","Hisobotni matn protsessorida yozaman.","パソコン","","「ワードプロセッサー」 dan qisqargan. 1980–90-yillarda keng tarqalgan alohida qurilma edi; hozir kompyuter bilan almashtirilgan, shuning uchun so'z ham eskirgan.","[]","[{""sentence"":""ワープロを使いますか。(わーぷろをつかいますか。)"",""translation"":""Matn protsessoridan foydalanasizmi?""},{""sentence"":""ワープロで手紙を書きました。(わーぷろでてがみをかきました。)"",""translation"":""Xatni matn protsessorida yozdim.""}]","[]"
"パソコン","パソコン","shaxsiy kompyuter","ot","N5","Top 2000","⓪","","","","","パソコンでレポートを書きます。(ぱそこんでれぽーとをかきます。)","Hisobotni kompyuterda yozaman.","コンピューター","","「パーソナルコンピューター」 dan qisqargan — yaponcha qisqartirish odatiga yaxshi misol (uzun o'zlashmaning har qismidan ikki bo'g'in olinadi). 2-darsdagi 「コンピューター」 dan kundalik nutqda ko'proq ishlatiladi.","[]","[{""sentence"":""新しいパソコンを買いました。(あたらしいぱそこんをかいました。)"",""translation"":""Yangi kompyuter sotib oldim.""},{""sentence"":""パソコンで映画を見ます。(ぱそこんでえいがをみます。)"",""translation"":""Kompyuterda kino ko'raman.""}]","[{""word"":""ノートパソコン"",""hiragana"":""ノートパソコン"",""meaning"":""noutbuk""}]"
"パンチ","パンチ","perforator, teshik ochgich (kantselyariya)","ot","N5","Boshqa","①","","","","","パンチで紙に穴を開けます。(ぱんちでかみにあなをあけます。)","Perforator bilan qog'ozga teshik ochaman.","穴あけパンチ","","Aniqroq nomi 「穴あけパンチ」. Diqqat: 「パンチ」 boks zarbasi ma'nosida ham keladi — kontekst ajratadi.","[]","[{""sentence"":""パンチを貸してください。(ぱんちをかしてください。)"",""translation"":""Perforatoringizni berib turing.""},{""sentence"":""パンチは事務所にあります。(ぱんちはじむしょにあります。)"",""translation"":""Perforator ofisda.""}]","[]"
"ホッチキス","ホッチキス","stepler","ot","N5","Boshqa","①","","","","","ホッチキスで紙を留めます。(ほっちきすでかみをとめます。)","Stepler bilan qog'ozlarni biriktiraman.","ステープラー","","Yaponiyaga birinchi steplerni olib kelgan amerika firmasi ""Hotchkiss"" nomidan olingan — inglizchada bunday so'z yo'q, u yerda ""stapler"" deyiladi.","[]","[{""sentence"":""ホッチキスはありますか。(ほっちきすはありますか。)"",""translation"":""Stepler bormi?""},{""sentence"":""ホッチキスで留めてください。(ほっちきすでとめてください。)"",""translation"":""Stepler bilan biriktiring.""}]","[]"
"セロテープ","セロテープ","skoch, yopishqoq lenta","ot","N5","Boshqa","③","","","","","セロテープで紙を貼ります。(せろてーぷでかみをはります。)","Skoch bilan qog'ozni yopishtiraman.","テープ","","""Cellophane tape"" dan. 2-darsdagi 「テープ」 (audio tasma) bilan bir so'zdan, lekin bu yerda yopishqoq lenta ma'nosida.","[]","[{""sentence"":""セロテープを貸してください。(せろてーぷをかしてください。)"",""translation"":""Skochingizni berib turing.""},{""sentence"":""セロテープで留めました。(せろてーぷでとめました。)"",""translation"":""Skoch bilan yopishtirdim.""}]","[]"
"消しゴム","けしゴム","o'chirg'ich, rezinka","ot","N5","Top 5000","⓪","","","","","消しゴムで消します。(けしごむでけします。)","O'chirg'ich bilan o'chiraman.","イレーサー","","「消す（o'chirmoq）」＋「ゴム（rezina）」 — kanji va katakana aralash yoziladi. Yaponiyada o'chirg'ichlar sifati bilan mashhur.","[{""kanji"":""消"",""meaning"":""o'chirmoq, yo'q qilmoq"",""kunReading"":""ke, kie"",""onReading"":""shou"",""strokes"":10}]","[{""sentence"":""消しゴムを貸してください。(けしごむをかしてください。)"",""translation"":""O'chirg'ichingizni berib turing.""},{""sentence"":""消しゴムはどこですか。(けしごむはどこですか。)"",""translation"":""O'chirg'ich qayerda?""}]","[{""word"":""消します"",""hiragana"":""けします"",""meaning"":""o'chirmoq""}]"
"紙","かみ","qog'oz","ot","N5","Top 1000","②","","","","","はさみで紙を切ります。(はさみでかみをきります。)","Qaychi bilan qog'ozni qirqaman.","","","Omonimlarga e'tibor bering: 紙（かみ②） — qog'oz, 髪（かみ②） — soch, 神（かみ①） — xudo. Yapon qog'ozi — 「和紙（わし）」.","[{""kanji"":""紙"",""meaning"":""qog'oz"",""kunReading"":""kami"",""onReading"":""shi"",""strokes"":10}]","[{""sentence"":""紙に名前を書いてください。(かみになまえをかいてください。)"",""translation"":""Qog'ozga ismingizni yozing.""},{""sentence"":""紙をください。(かみをください。)"",""translation"":""Qog'oz bering.""}]","[{""word"":""手紙"",""hiragana"":""てがみ"",""meaning"":""xat""},{""word"":""折り紙"",""hiragana"":""おりがみ"",""meaning"":""origami""}]"
"花","はな","gul","ot","N5","Top 1000","②","","","","","母に花をあげました。(ははにはなをあげました。)","Onamga gul berdim.","フラワー","","Omonim: 花（はな②） — gul, 鼻（はな⓪） — burun. 6-darsdagi 「お花見」 da 「花」 doim sakurani anglatadi.","[{""kanji"":""花"",""meaning"":""gul"",""kunReading"":""hana"",""onReading"":""ka"",""strokes"":7}]","[{""sentence"":""庭に花がたくさんあります。(にわにはながたくさんあります。)"",""translation"":""Hovlida gul ko'p.""},{""sentence"":""花をもらいました。(はなをもらいました。)"",""translation"":""Gul sovg'a qilishdi.""}]","[{""word"":""花見"",""hiragana"":""はなみ"",""meaning"":""sakura tomoshasi""},{""word"":""花火"",""hiragana"":""はなび"",""meaning"":""mushakbozlik""}]"
"シャツ","シャツ","ko'ylak (erkaklar ko'ylagi)","ot","N5","Top 5000","①","","","","","父にシャツをあげます。(ちちにしゃつをあげます。)","Otamga ko'ylak sovg'a qilaman.","ワイシャツ","","Rasmiy oq ko'ylak 「ワイシャツ」 deyiladi — bu ""white shirt"" ning yaponcha talaffuzidan kelib chiqqan, ""Y-shirt"" dan emas. Futbolka esa 「Tシャツ」.","[]","[{""sentence"":""白いシャツを買いました。(しろいしゃつをかいました。)"",""translation"":""Oq ko'ylak sotib oldim.""},{""sentence"":""このシャツはいくらですか。(このしゃつはいくらですか。)"",""translation"":""Bu ko'ylak qancha turadi?""}]","[{""word"":""ワイシャツ"",""hiragana"":""ワイシャツ"",""meaning"":""rasmiy oq ko'ylak""},{""word"":""Ｔシャツ"",""hiragana"":""ティーシャツ"",""meaning"":""futbolka""}]"
"プレゼント","プレゼント","sovg'a, tuhfa, hadya","ot","N5","Top 2000","②","","","","","誕生日にプレゼントをもらいました。(たんじょうびにぷれぜんとをもらいました。)","Tug'ilgan kunimda sovg'a oldim.","贈り物, お土産","","「プレゼント」 — tug'ilgan kun va bayram sovg'asi. 「お土産」 esa aynan safardan olib kelinadigan sovg'a — ikkalasi almashtirilmaydi.","[]","[{""sentence"":""母にプレゼントをあげます。(ははにぷれぜんとをあげます。)"",""translation"":""Onamga sovg'a beraman.""},{""sentence"":""クリスマスのプレゼントを買いました。(くりすますのぷれぜんとをかいました。)"",""translation"":""Rojdestvo sovg'asini sotib oldim.""}]","[{""word"":""贈り物"",""hiragana"":""おくりもの"",""meaning"":""sovg'a (rasmiy)""}]"
"荷物","にもつ","yuk, buyum, bagaj","ot","N5","Top 2000","①","","","","","国へ荷物を送ります。(くにへにもつをおくります。)","Vatanimga yuk jo'nataman.","バゲージ","","「荷（yuk）」＋「物（narsa）」. Qo'l yuki ham, pochta posilkasi ham, sayohat chamadoni ham — hammasi 「荷物」.","[{""kanji"":""荷"",""meaning"":""yuk"",""kunReading"":""ni"",""onReading"":""ka"",""strokes"":10},{""kanji"":""物"",""meaning"":""narsa, buyum"",""kunReading"":""mono"",""onReading"":""butsu"",""strokes"":8}]","[{""sentence"":""荷物が重いです。(にもつがおもいです。)"",""translation"":""Yuk og'ir.""},{""sentence"":""荷物を持ちましょうか。(にもつをもちましょうか。)"",""translation"":""Yukingizni ko'tarishaymi?""}]","[{""word"":""手荷物"",""hiragana"":""てにもつ"",""meaning"":""qo'l yuki""}]"
"お金","おかね","pul","ot","N5","Top 500","⓪","","","","","友達にお金を貸しました。(ともだちにおかねをかしました。)","Do'stimga pul qarz berdim.","現金","","Oldidagi 「お」 shu so'zdan deyarli ajralmas — 「金（かね）」 yolg'iz ishlatilsa qo'polroq eshitiladi. 4-darsdagi 「金曜日」 dagi 「金」 esa 「きん」 (oltin) deb o'qiladi.","[{""kanji"":""金"",""meaning"":""oltin, pul"",""kunReading"":""kane"",""onReading"":""kin"",""strokes"":8}]","[{""sentence"":""お金がありません。(おかねがありません。)"",""translation"":""Pulim yo'q.""},{""sentence"":""銀行でお金を借ります。(ぎんこうでおかねをかります。)"",""translation"":""Bankdan qarz olaman.""}]","[{""word"":""金曜日"",""hiragana"":""きんようび"",""meaning"":""juma""},{""word"":""お金持ち"",""hiragana"":""おかねもち"",""meaning"":""boy odam""}]"
"切符","きっぷ","chipta","ot","N5","Top 2000","⓪","","","","","駅で切符を買います。(えきできっぷをかいます。)","Bekatdan chipta sotib olaman.","チケット","","「切符」 asosan transport chiptasi. Konsert yoki kino chiptasi uchun 「チケット」 ishlatiladi. 3-darsdagi 「切符売り場」 — kassa.","[{""kanji"":""切"",""meaning"":""kesmoq"",""kunReading"":""ki"",""onReading"":""setsu"",""strokes"":4},{""kanji"":""符"",""meaning"":""belgi, tamg'a"",""kunReading"":""-"",""onReading"":""fu"",""strokes"":11}]","[{""sentence"":""切符を見せてください。(きっぷをみせてください。)"",""translation"":""Chiptangizni ko'rsating.""},{""sentence"":""新幹線の切符をもらいました。(しんかんせんのきっぷをもらいました。)"",""translation"":""Shinkansen chiptasini oldim.""}]","[{""word"":""切符売り場"",""hiragana"":""きっぷうりば"",""meaning"":""chipta kassasi""}]"
"クリスマス","クリスマス","Rojdestvo (Krismas)","ot","N5","Top 5000","③","","","","","クリスマスにプレゼントをもらいました。(くりすますにぷれぜんとをもらいました。)","Rojdestvoda sovg'a oldim.","","","Yaponiyada diniy emas, ko'ngilochar bayram sifatida nishonlanadi va ko'proq juftliklar uchun romantik kun hisoblanadi. Oilaviy bayram esa Yangi yil — 「お正月」.","[]","[{""sentence"":""クリスマスは十二月二十五日です。(くりすますはじゅうにがつにじゅうごにちです。)"",""translation"":""Rojdestvo — yigirma beshinchi dekabr.""},{""sentence"":""クリスマスカードを送ります。(くりすますかーどをおくります。)"",""translation"":""Rojdestvo tabrigini yuboraman.""}]","[{""word"":""クリスマスイブ"",""hiragana"":""クリスマスイブ"",""meaning"":""Rojdestvo arafasi""}]"
"父","ちち","otam, dadam (o'z otasi haqida)","ot","N5","Top 500","②","","","","","父は銀行員です。(ちちはぎんこういんです。)","Otam bank xodimi.","お父さん","母","Muhim qoida: BOSHQAGA o'z otasi haqida gapirganda 「父」, otasining o'ziga murojaat qilganda va boshqaning otasi haqida 「お父さん」 deyiladi. Bu yapon tilidagi ""ichki/tashqi"" (uchi/soto) tushunchasining asosi.","[{""kanji"":""父"",""meaning"":""ota"",""kunReading"":""chichi"",""onReading"":""fu"",""strokes"":4}]","[{""sentence"":""父にシャツをあげました。(ちちにしゃつをあげました。)"",""translation"":""Otamga ko'ylak sovg'a qildim.""},{""sentence"":""父は五十歳です。(ちちはごじゅっさいです。)"",""translation"":""Otam ellik yoshda.""}]","[{""word"":""父母"",""hiragana"":""ふぼ"",""meaning"":""ota-ona (rasmiy)""},{""word"":""祖父"",""hiragana"":""そふ"",""meaning"":""bobom""}]"
"母","はは","onam, oyim (o'z onasi haqida)","ot","N5","Top 500","①","","","","","母は病院で働いています。(はははびょういんではたらいています。)","Onam shifoxonada ishlaydi.","お母さん","父","「父」 bilan bir qoida: o'z onasi haqida boshqaga aytganda 「母」. Diqqat: 「母は」 deyilganda uchta 「は」 ketma-ket keladi — 「ははは」, bu to'g'ri.","[{""kanji"":""母"",""meaning"":""ona"",""kunReading"":""haha"",""onReading"":""bo"",""strokes"":5}]","[{""sentence"":""母に花をあげます。(ははにはなをあげます。)"",""translation"":""Onamga gul beraman.""},{""sentence"":""母から手紙をもらいました。(ははからてがみをもらいました。)"",""translation"":""Onamdan xat oldim.""}]","[{""word"":""母国語"",""hiragana"":""ぼこくご"",""meaning"":""ona tili""},{""word"":""祖母"",""hiragana"":""そぼ"",""meaning"":""buvim""}]"
"お父さん","おとうさん","ota, dada; ~ning otasi (hurmat shakli)","ot","N5","Top 500","②","","","","","お父さんはお元気ですか。(おとうさんはおげんきですか。)","Otangiz yaxshi yuribdilarmi?","父","お母さん","Ikki holatda ishlatiladi: boshqaning otasi haqida va o'z otasiga murojaat qilganda. Lekin boshqaga o'z otasi haqida gapirganda 「お父さん」 emas, 「父」 deyiladi.","[{""kanji"":""父"",""meaning"":""ota"",""kunReading"":""chichi, tou"",""onReading"":""fu"",""strokes"":4}]","[{""sentence"":""お父さん、いってきます。(おとうさん、いってきます。)"",""translation"":""Dada, men ketdim.""},{""sentence"":""ミラーさんのお父さんは医者です。(みらーさんのおとうさんはいしゃです。)"",""translation"":""Janob Millerning otasi shifokor.""}]","[{""word"":""おじいさん"",""hiragana"":""おじいさん"",""meaning"":""bobo""}]"
"お母さん","おかあさん","ona, oyi; ~ning onasi (hurmat shakli)","ot","N5","Top 500","②","","","","","お母さんはおいくつですか。(おかあさんはおいくつですか。)","Onangiz necha yoshdalar?","母","お父さん","「お父さん」 bilan bir qoida. Oila a'zolari uchun ikki qatorli tizim bor: 父／お父さん, 母／お母さん, 兄／お兄さん — birinchisi o'zi haqida, ikkinchisi hurmat bilan.","[{""kanji"":""母"",""meaning"":""ona"",""kunReading"":""haha, kaa"",""onReading"":""bo"",""strokes"":5}]","[{""sentence"":""お母さん、ごはんは何ですか。(おかあさん、ごはんはなんですか。)"",""translation"":""Oyi, ovqatga nima bor?""},{""sentence"":""田中さんのお母さんに会いました。(たなかさんのおかあさんにあいました。)"",""translation"":""Tanaka-sanning onasi bilan uchrashdim.""}]","[{""word"":""おばあさん"",""hiragana"":""おばあさん"",""meaning"":""buvi""}]"
"もう","もう","allaqachon, ~ib bo'ldi; endi","ravish","N5","Top 500","①","","","","","もう昼ごはんを食べましたか。(もうひるごはんをたべましたか。)","Tushlik qilib bo'ldingizmi?","すでに","まだ","「もう」 doim O'TGAN zamon bilan: 「もう食べました」. Inkor javobi esa 「もう食べませんでした」 EMAS, balki 「いいえ、まだです」 bo'ladi — bu darsning eng ko'p xato qilinadigan joyi.","[]","[{""sentence"":""はい、もう食べました。(はい、もうたべました。)"",""translation"":""Ha, yeb bo'ldim.""},{""sentence"":""もう九時ですね。(もうくじですね。)"",""translation"":""Soat to'qqiz bo'libdi-ku.""}]","[{""word"":""もう一度"",""hiragana"":""もういちど"",""meaning"":""yana bir marta""}]"
"まだ","まだ","hali, hanuz (~magan)","ravish","N5","Top 500","①","","","","","いいえ、まだです。(いいえ、まだです。)","Yo'q, hali yo'q.","","もう","「もう」 ning ziddi va doim INKOR bilan keladi. Qisqa javobi 「まだです」 — juda ko'p ishlatiladi. Ijobiy gapda esa ""hanuz, hamon"" ma'nosini beradi: 「まだ雨が降っています」.","[]","[{""sentence"":""まだ宿題をしていません。(まだしゅくだいをしていません。)"",""translation"":""Hali uy vazifasini qilmadim.""},{""sentence"":""バスはまだ来ません。(ばすはまだきません。)"",""translation"":""Avtobus hali kelmadi.""}]","[{""word"":""まだまだ"",""hiragana"":""まだまだ"",""meaning"":""hali ancha, hali erta""}]"
"これから","これから","endi, bundan buyon, hozirdan boshlab","ravish","N5","Top 1000","⓪","","","","","これから昼ごはんを食べます。(これからひるごはんをたべます。)","Endi tushlik qilaman.","今から","今まで","2-darsdagi 「これ」＋4-darsdagi 「から」. 1-darsdagi 「これからお世話になります」 shu so'zdan. Ikki ma'noli: ""hoziroq"" va ""kelajakda"".","[]","[{""sentence"":""これから会議があります。(これからかいぎがあります。)"",""translation"":""Hozir yig'ilish boshlanadi.""},{""sentence"":""これからもよろしくお願いします。(これからもよろしくおねがいします。)"",""translation"":""Bundan keyin ham hamkorligimiz davom etsin.""}]","[]"
"すてきですね","すてきですね","Buncha chiroyli! / Ajoyib ekan.","ibora","N5","Top 5000","","","","","","そのシャツ、すてきですね。(そのしゃつ、すてきですね。)","Bu ko'ylagingiz juda chiroyli ekan!","きれいですね, いいですね","","Maqtov iborasi — mehmon uy egasining narsalarini maqtaganda ishlatiladi. 「きれい」 ko'zga chiroyli, 「すてき」 esa did va uslubga qoyil qolishni bildiradi.","[]","[{""sentence"":""すてきな庭ですね。(すてきなにわですね。)"",""translation"":""Qanday chiroyli hovli!""},{""sentence"":""そのかばん、すてきですね。(そのかばん、すてきですね。)"",""translation"":""Bu sumkangiz zo'r ekan.""}]","[{""word"":""すてき"",""hiragana"":""すてき"",""meaning"":""ajoyib, chiroyli""}]"
"ごめんください","ごめんください","Hoy, kim bor? (birovnikiga kirganda aytiladi)","ibora","N5","Boshqa","","","","","","ごめんください。—はい、どなたですか。","""Hoy, kim bor?"" — ""Ha, kim bo'lasiz?""","すみません","","Eshik oldida turib, uy egasini chaqirish uchun. 「ごめんなさい」 (kechirasiz) bilan adashtirmang — o'xshash bo'lsa ham, ma'nosi butunlay boshqa.","[]","[{""sentence"":""ごめんください。ミラーです。(ごめんください。みらーです。)"",""translation"":""Uydamisizlar? Men Millerman.""},{""sentence"":""ごめんください。—いらっしゃい。"",""translation"":""\""Kim bor?\"" — \""Xush kelibsiz.\""""}]","[]"
"いらっしゃい","いらっしゃい","Xush kelibsiz.","ibora","N5","Top 5000","","","","","","いらっしゃい。どうぞお上がりください。","Xush kelibsiz. Ichkariga marhamat.","ようこそ","","Uy egasining mehmonga aytadigan so'zi. Do'kon va restoranlarda esa to'liq shakli 「いらっしゃいませ」 ishlatiladi — u mijozga aytiladi va javob talab qilmaydi.","[]","[{""sentence"":""いらっしゃい。よく来ましたね。(いらっしゃい。よくきましたね。)"",""translation"":""Xush kelibsiz. Kelganingiz yaxshi bo'ldi.""},{""sentence"":""いらっしゃいませ。(いらっしゃいませ。)"",""translation"":""Xush kelibsiz (do'konda).""}]","[{""word"":""いらっしゃいませ"",""hiragana"":""いらっしゃいませ"",""meaning"":""xush kelibsiz (do'konda)""}]"
"どうぞお上がりください","どうぞおあがりください","Ichkariga marhamat.","ibora","N5","Boshqa","","","","","","どうぞお上がりください。(どうぞおあがりください。)","Marhamat, ichkariga kiring.","どうぞお入りください","","「上がる」 — ""ko'tarilmoq"" degani. Yapon uyida kiraverish (玄関) past, yashash qismi baland bo'ladi va u yerga poyafzalsiz ""ko'tarilinadi"" — shuning uchun 「入る」 emas, 「上がる」 ishlatiladi.","[{""kanji"":""上"",""meaning"":""yuqori, ust"",""kunReading"":""ue, a, nobo"",""onReading"":""jou"",""strokes"":3}]","[{""sentence"":""さあ、どうぞお上がりください。(さあ、どうぞおあがりください。)"",""translation"":""Qani, marhamat, kiring.""},{""sentence"":""どうぞお上がりください。—失礼します。"",""translation"":""\""Marhamat, kiring.\"" — \""Bezovta qildim.\""""}]","[{""word"":""玄関"",""hiragana"":""げんかん"",""meaning"":""uyning kiraverishi""}]"
"失礼します","しつれいします","Bezovta qildim. / Ruxsat bering. (kirish va chiqishda)","ibora","N5","Top 1000","","","","","","失礼します。(しつれいします。)","Ruxsat bersangiz (kiraman).","おじゃまします","","1-darsdagi 「失礼ですが」 bilan bir ildizdan. Uch holatda: xonaga kirganda, chiqib ketayotganda va telefonni tugatishda. Mehmon uyga kirayotganda 「おじゃまします」 ham deydi.","[{""kanji"":""失"",""meaning"":""yo'qotmoq"",""kunReading"":""ushina"",""onReading"":""shitsu"",""strokes"":5},{""kanji"":""礼"",""meaning"":""odob, ta'zim"",""kunReading"":""-"",""onReading"":""rei"",""strokes"":5}]","[{""sentence"":""お先に失礼します。(おさきにしつれいします。)"",""translation"":""Sizdan oldin ketaman (ishdan chiqayotganda).""},{""sentence"":""では、失礼します。(では、しつれいします。)"",""translation"":""Xo'p, men boray.""}]","[{""word"":""お先に失礼します"",""hiragana"":""おさきにしつれいします"",""meaning"":""sizdan oldin ketaman""}]"
"[～は]いかがですか","[～は]いかがですか","~ga xushingiz qalay? / ~ olasizmi?","ibora","N5","Top 2000","","","","","","コーヒーはいかがですか。(こーひーはいかがですか。)","Qahva olasizmi?","どうですか","","「どうですか」 ning hurmatli shakli. Mehmonga taom yoki ichimlik taklif qilishda ishlatiladi. Javob: 「はい、いただきます」 yoki muloyim rad — 「いいえ、けっこうです」.","[]","[{""sentence"":""お茶はいかがですか。(おちゃはいかがですか。)"",""translation"":""Choy ichasizmi?""},{""sentence"":""もう一杯いかがですか。(もういっぱいいかがですか。)"",""translation"":""Yana bir piyola olasizmi?""}]","[{""word"":""いかが"",""hiragana"":""いかが"",""meaning"":""qanday (hurmatli)""}]"
"いただきます","いただきます","(ovqatdan oldin aytiladigan ibora); olaman, yeyman (kamtarona)","ibora","N5","Top 1000","","","","","","いただきます。(いただきます。)","Bismillo (ovqat oldidan).","もらいます","ごちそうさまでした","So'zma-so'z ""kamtarlik bilan qabul qilaman"" — nafaqat oshpazga, balki jonning o'ziga ham minnatdorchilik. Ovqatdan keyin esa 「ごちそうさまでした」 deyiladi. 「もらいます」ning kamtarona shakli sifatida ham ishlatiladi.","[]","[{""sentence"":""じゃ、いただきます。(じゃ、いただきます。)"",""translation"":""Unda, boshlaymiz.""},{""sentence"":""コーヒーをいただきます。(こーひーをいただきます。)"",""translation"":""Qahva olsam (bo'ladimi).""}]","[{""word"":""ごちそうさまでした"",""hiragana"":""ごちそうさまでした"",""meaning"":""rahmat (ovqatdan keyin)""}]"
"旅行","りょこう","sayohat, safar (～する — sayohat qilmoq)","ot","N5","Top 1000","⓪","","","","","来月ヨーロッパを旅行します。(らいげつよーろっぱをりょこうします。)","Kelasi oy Yevropaga sayohat qilaman.","トラベル, 旅","","「旅（たび）」 dan farqi: 「旅行」 — rejalashtirilgan, aniq maqsadli safar; 「旅」 esa she'riyroq, sarguzashtli sayohat. 5-darsdagi 「行きます」 dagi 「行」 shu yerda ham bor.","[{""kanji"":""旅"",""meaning"":""safar, sayohat"",""kunReading"":""tabi"",""onReading"":""ryo"",""strokes"":10},{""kanji"":""行"",""meaning"":""bormoq, yurmoq"",""kunReading"":""i, yu"",""onReading"":""kou"",""strokes"":6}]","[{""sentence"":""旅行はどうでしたか。(りょこうはどうでしたか。)"",""translation"":""Sayohat qanday o'tdi?""},{""sentence"":""家族と旅行しました。(かぞくとりょこうしました。)"",""translation"":""Oilam bilan sayohat qildim.""}]","[{""word"":""旅行会社"",""hiragana"":""りょこうがいしゃ"",""meaning"":""sayohat agentligi""},{""word"":""新婚旅行"",""hiragana"":""しんこんりょこう"",""meaning"":""asal oyi safari""}]"
"お土産","おみやげ","safardan olib kelinadigan sovg'a; mehmonga borganda olib boriladigan hadya","ot","N5","Top 2000","⓪","","","","","これは京都のお土産です。(これはきょうとのおみやげです。)","Bu — Kiotodan olib kelgan sovg'am.","プレゼント","","Maxsus o'qilish: 「どさん」 emas, 「みやげ」. Yaponiyada safardan qaytgach hamkasblarga 「お土産」 (odatda mahalliy shirinlik) olib kelish deyarli majburiy odob hisoblanadi.","[{""kanji"":""土"",""meaning"":""tuproq, yer"",""kunReading"":""tsuchi"",""onReading"":""do"",""strokes"":3},{""kanji"":""産"",""meaning"":""ishlab chiqarish, tug'ilish"",""kunReading"":""u"",""onReading"":""san"",""strokes"":11}]","[{""sentence"":""旅行のお土産を買いました。(りょこうのおみやげをかいました。)"",""translation"":""Sayohatdan sovg'a sotib oldim.""},{""sentence"":""お土産をどうぞ。(おみやげをどうぞ。)"",""translation"":""Marhamat, sovg'ani oling.""}]","[{""word"":""土産物屋"",""hiragana"":""みやげものや"",""meaning"":""sovg'alar do'koni""}]"
"ヨーロッパ","ヨーロッパ","Yevropa, Ovro'pa","ot","N5","Top 5000","③","","","","","来月ヨーロッパへ行きます。(らいげつよーろっぱへいきます。)","Kelasi oy Yevropaga boraman.","欧州","アジア","Portugalcha ""Europa"" dan o'zlashgan. Rasmiy va gazeta tilida 「欧州（おうしゅう）」 ishlatiladi.","[]","[{""sentence"":""ヨーロッパを旅行しました。(よーろっぱをりょこうしました。)"",""translation"":""Yevropa bo'ylab sayohat qildim.""},{""sentence"":""ヨーロッパのお土産です。(よーろっぱのおみやげです。)"",""translation"":""Bu — Yevropadan olib kelgan sovg'a.""}]","[{""word"":""アジア"",""hiragana"":""アジア"",""meaning"":""Osiyo""}]"
"スペイン","スペイン","Ispaniya","ot","N5","Top 5000","②","","","","","スペインへ旅行しました。(すぺいんへりょこうしました。)","Ispaniyaga sayohat qildim.","","","2-darsdagi 「～語」 qolipida: 「スペイン語」 — ispan tili. Qisqartmalarda 「西（せい）」 belgisi ishlatiladi.","[]","[{""sentence"":""スペイン語を習っています。(すぺいんごをならっています。)"",""translation"":""Ispan tilini o'rganyapman.""},{""sentence"":""これはスペインのワインです。(これはすぺいんのわいんです。)"",""translation"":""Bu — Ispaniya sharobi.""}]","[{""word"":""スペイン語"",""hiragana"":""スペインご"",""meaning"":""ispan tili""}]"
